Risk ID,Title,Component ID,Component,Subsystem,Failure mode ID,Failure mode,Cause,Hazard,Hazardous situation ID,Hazardous situation,Harm ID,Harm,Detection before control,S pre,P pre,D pre,RPN pre,Region pre,Priority pre,Probability basis,Similar incidents,Risk control measures,Requirements,Verification evidence,S post,P post,D post,RPN post,Region post,Priority post,RPN reduction pct,Disposition,Design specification references,Standard clause references,Incident evidence
RISK_ALM_01,Speaker failure,CMP_ALM_01,Audible and Vibratory Alarm Hardware,Alarm,FM_ALM_01,Speaker fails and the audible alarm is silent,Open circuit of the speaker element or a blocked sound port,Loss of alarm information,HS_ALM_01,An occlusion or low battery alarm is shown on the display but is not heard during sleep,HARM_DKA,Hyperglycemia progressing to diabetic ketoacidosis,No detection,4,3,5,60,REVIEW,HIGH,engineering estimate,150,"RCM_ALM_01 Speaker self test by current sensing with redundant vibration annunciation [protective measure, verification PASS, credited P2 D2]",REQ_ALM_001,VER_ALM_001 PASS TR_0120,4,1,3,12,ACCEPTABLE,MEDIUM,80.0,Residual risk acceptable,HDS_002 section 7.1 (DFC_ALM_01); REQ_ALM_001 at HDS_002 section 7.1,IEC 60601 1 8 cl 6.3; ISO 14971 cl 10.3; ISO 14971 cl 5.4; ISO 14971 cl 5.5; ISO 14971 cl 6; ISO 14971 cl 7.1; ISO 14971 cl 7.2; ISO 14971 cl 7.3,MDR_2021_003614; MDR_2022_008328; MDR_2023_008370; MDR_2024_003265; MDR_2025_006760
RISK_ALM_02,Alarm not perceived,CMP_ALM_01,Audible and Vibratory Alarm Hardware,Alarm,FM_ALM_02,Alarm volume is insufficient for the user to perceive the alarm,Low volume setting or the pump is muffled under clothing and bedding,Loss of alarm information,HS_ALM_02,A no delivery alarm sounds but is not heard and delivery remains stopped,HARM_HYPER_SERIOUS,Sustained hyperglycemia requiring medical intervention,User observation,3,4,4,48,REVIEW,HIGH,engineering estimate,563,"RCM_ALM_02 Escalating alarm volume with repeated vibration until acknowledged [protective measure, verification PASS, credited P2]",REQ_ALM_002,VER_ALM_002 PASS TR_0121,3,2,4,24,ACCEPTABLE,MEDIUM,50.0,Residual risk acceptable,HDS_002 section 7.1 (DFC_ALM_02); REQ_ALM_002 at HDS_002 section 7.1,IEC 60601 1 8 cl 6.3; ISO 14971 cl 10.3; ISO 14971 cl 5.4; ISO 14971 cl 5.5; ISO 14971 cl 6; ISO 14971 cl 7.1; ISO 14971 cl 7.2; ISO 14971 cl 7.3,MDR_2021_008069; MDR_2022_006288; MDR_2023_007790; MDR_2023_009109; MDR_2023_009651
RISK_CGM_01,False high glucose drives automated correction,CMP_CGM_01,Glucose Sensor Data Interface,Connectivity,FM_CGM_01,Falsely high glucose reading is used for automated correction,Sensor compression artifact or calibration error passes without a plausibility check,Overdelivery of insulin,HS_CGM_01,Automated correction delivers insulin against a false high reading,HARM_HYPO_SEVERE,"Severe hypoglycemia with seizure, loss of consciousness or death",No detection,5,3,5,75,UNACCEPTABLE,HIGH,engineering estimate,100,"RCM_CGM_01 Rate of change plausibility filter with a cap on automated correction doses [protective measure, verification PASS, credited P2]; RCM_IFU_06 Labeling that instructs fingerstick confirmation before large corrections [information for safety, verification PASS, credited P1]",REQ_CGM_001; REQ_LBL_006,VER_CGM_001 PASS TR_0150; VER_LBL_006 PASS TR_0155,5,1,5,25,REVIEW,MEDIUM,66.7,Benefit risk analysis required,UCS_004 section 4.2 (DFC_CGM_01); REQ_CGM_001 at UCS_004 section 4.2; REQ_LBL_006 at UCS_004 section 5.1,IEC 62304 cl 7.2; IEC 62366 1 cl 5.9; ISO 14971 cl 10.3; ISO 14971 cl 5.4; ISO 14971 cl 5.5; ISO 14971 cl 6; ISO 14971 cl 7.1; ISO 14971 cl 7.2; ISO 14971 cl 7.3; ISO 14971 cl 7.4,MDR_2022_009287; MDR_2023_005338; MDR_2024_002356; MDR_2025_005294; MDR_2025_007146
RISK_CHG_01,Charger isolation failure,CMP_CHG_01,Charging Circuit,Power,FM_CHG_01,Isolation between the charging port and patient accessible parts fails,Use of a damaged or counterfeit USB power source while the pump is worn,Electrical energy,HS_CHG_01,Mains voltage reaches the enclosure while the pump is connected to the patient,HARM_SHOCK,Electric shock,No detection,4,2,5,40,REVIEW,HIGH,engineering estimate,4,"RCM_CHG_01 Reinforced isolation between the charging port and patient accessible parts [inherent safety by design, verification PASS, credited P1]",REQ_CHG_001,VER_CHG_001 PASS TR_0119,4,1,5,20,ACCEPTABLE,MEDIUM,50.0,Residual risk acceptable,HDS_002 section 6.3 (DFC_CHG_01); REQ_CHG_001 at HDS_002 section 6.3,IEC 60601 1 cl 8.5; ISO 14971 cl 10.3; ISO 14971 cl 5.4; ISO 14971 cl 5.5; ISO 14971 cl 6; ISO 14971 cl 7.1; ISO 14971 cl 7.2; ISO 14971 cl 7.3,MDR_2022_002532; MDR_2024_010018; MDR_2025_001459; MDR_2025_006757
RISK_COM_01,Unauthorized remote bolus command,CMP_COM_01,Bluetooth Communication Module,Connectivity,FM_COM_01,Unauthorized remote bolus command is accepted,Weak pairing authentication is exploited by an attacker within radio range,Cybersecurity compromise,HS_COM_01,A third party triggers insulin delivery without the knowledge of the user,HARM_HYPO_SEVERE,"Severe hypoglycemia with seizure, loss of consciousness or death",No detection,5,2,5,50,REVIEW,HIGH,engineering estimate,4,"RCM_COM_01 Authenticated encrypted pairing with keys generated per session [inherent safety by design, verification PASS, credited P1]; RCM_COM_02 Remote bolus requires confirmation on the pump [protective measure, verification PENDING, credited P0 D0]",REQ_COM_001; REQ_COM_002,VER_COM_001 PASS TR_0145; VER_COM_002 PENDING TR_0146,5,1,5,25,REVIEW,MEDIUM,50.0,Benefit risk analysis required,UCS_004 section 4.1 (DFC_COM_01); REQ_COM_001 at UCS_004 section 4.1; REQ_COM_002 at UCS_004 section 4.1,IEC 62304 cl 7.2; IEC 62366 1 cl 5.4; ISO 14971 cl 10.3; ISO 14971 cl 5.4; ISO 14971 cl 5.5; ISO 14971 cl 6; ISO 14971 cl 7.1; ISO 14971 cl 7.2; ISO 14971 cl 7.3; ISO 14971 cl 7.4,MDR_2021_009144; MDR_2022_001211; MDR_2022_009518; MDR_2025_001547
RISK_COM_02,Stale glucose data after connection loss,CMP_COM_01,Bluetooth Communication Module,Connectivity,FM_COM_02,Connection to the glucose sensor is lost and glucose values stop updating,Radio interference or the transmitter is out of range,Loss of alarm information,HS_COM_02,The user doses on a stale glucose value that no longer reflects the current level,HARM_HYPO_MODERATE,Moderate hypoglycemia requiring assistance from another person,User observation,4,4,4,64,UNACCEPTABLE,HIGH,engineering estimate,558,"RCM_COM_03 Stale data indicator with rejection of glucose values older than 15 minutes [protective measure, verification PASS, credited P2 D2]",REQ_COM_003,VER_COM_003 PASS TR_0147,4,2,2,16,REVIEW,MEDIUM,75.0,Benefit risk analysis required,UCS_004 section 4.1 (DFC_COM_02); REQ_COM_003 at UCS_004 section 4.1,IEC 62304 cl 7.2; ISO 14971 cl 10.3; ISO 14971 cl 5.4; ISO 14971 cl 5.5; ISO 14971 cl 6; ISO 14971 cl 7.1; ISO 14971 cl 7.2; ISO 14971 cl 7.3; ISO 14971 cl 7.4,MDR_2021_003697; MDR_2022_000796; MDR_2023_006575; MDR_2023_007870; MDR_2024_004758
RISK_COM_03,Corrupted setting change accepted,CMP_COM_01,Bluetooth Communication Module,Connectivity,FM_COM_03,Corrupted data packet is accepted as a valid setting change,Insufficient message integrity checking,Incorrect therapy settings,HS_COM_03,The basal profile is updated with corrupted values,HARM_HYPO_SEVERE,"Severe hypoglycemia with seizure, loss of consciousness or death",No detection,5,2,5,50,REVIEW,HIGH,engineering estimate,12,"RCM_COM_04 Message authentication code with range validation on all remote setting changes [inherent safety by design, verification PASS, credited P1]",REQ_COM_004,VER_COM_004 PASS TR_0148,5,1,5,25,REVIEW,MEDIUM,50.0,Benefit risk analysis required,UCS_004 section 4.1 (DFC_COM_03); REQ_COM_004 at UCS_004 section 4.1,IEC 62304 cl 7.2; ISO 14971 cl 10.3; ISO 14971 cl 5.4; ISO 14971 cl 5.5; ISO 14971 cl 6; ISO 14971 cl 7.1; ISO 14971 cl 7.2; ISO 14971 cl 7.3; ISO 14971 cl 7.4,MDR_2022_002241; MDR_2023_006506; MDR_2023_008035; MDR_2024_006218; MDR_2024_007075
RISK_DRV_01,Continuous motor run from a shorted driver stage,CMP_DRV_01,Stepper Motor Drive Assembly,Drive,FM_DRV_01,Motor driver stage fails short and the motor runs continuously,Short circuit failure of a transistor in the H bridge driver stage,Overdelivery of insulin,HS_DRV_01,The pump delivers insulin continuously beyond the programmed dose while the patient is unaware,HARM_HYPO_SEVERE,"Severe hypoglycemia with seizure, loss of consciousness or death",No detection,5,2,5,50,REVIEW,HIGH,engineering estimate,10,"RCM_DRV_01 Independent motor power cutoff by the safety supervisor when encoder counts exceed commanded steps [protective measure, verification PASS, credited P1 D3]; RCM_MCU_03 Independent hourly delivery limit enforced by the safety supervisor [protective measure, verification PASS, credited P1]",REQ_DRV_001; REQ_MCU_003,VER_DRV_001 PASS TR_0101; VER_MCU_003 PASS TR_0127,5,1,2,10,REVIEW,MEDIUM,80.0,Benefit risk analysis required,HDS_002 section 3.1 (DFC_DRV_01); REQ_DRV_001 at HDS_002 section 3.1; REQ_MCU_003 at SRS_003 section 3.2,IEC 60601 1 cl 4.2; IEC 62304 cl 7.2; ISO 14971 cl 10.3; ISO 14971 cl 5.4; ISO 14971 cl 5.5; ISO 14971 cl 6; ISO 14971 cl 7.1; ISO 14971 cl 7.2; ISO 14971 cl 7.3; ISO 14971 cl 7.4,MDR_2023_001633; MDR_2023_004907; MDR_2024_000621; MDR_2024_006055; MDR_2024_006239
RISK_DRV_02,Motor stall without plunger advance,CMP_DRV_01,Stepper Motor Drive Assembly,Drive,FM_DRV_02,Motor stalls and the plunger does not advance,Loss of step torque from winding degradation or gear train wear,Underdelivery of insulin,HS_DRV_02,Programmed basal insulin is not delivered for several hours and no alarm is raised,HARM_DKA,Hyperglycemia progressing to diabetic ketoacidosis,User observation,4,3,4,48,REVIEW,HIGH,engineering estimate,83,"RCM_DRV_02 Encoder based stall detection with a no delivery alarm [protective measure, verification PASS, credited P2 D3]",REQ_DRV_002,VER_DRV_002 PASS TR_0102,4,1,1,4,ACCEPTABLE,LOW,91.7,Residual risk acceptable,HDS_002 section 3.1 (DFC_DRV_02); REQ_DRV_002 at HDS_002 section 3.1,IEC 60601 1 8 cl 6.1; ISO 14971 cl 10.3; ISO 14971 cl 5.4; ISO 14971 cl 5.5; ISO 14971 cl 6; ISO 14971 cl 7.1; ISO 14971 cl 7.2; ISO 14971 cl 7.3,MDR_2022_007213; MDR_2022_007475; MDR_2023_001462; MDR_2025_006419; MDR_2025_006449
RISK_DRV_03,Plunger coupling disengagement and free flow,CMP_DRV_02,Lead Screw and Plunger Coupling,Drive,FM_DRV_03,Plunger coupling disengages from the lead screw drive nut,Wear or fracture of the coupling latch,Overdelivery of insulin,HS_DRV_03,Reservoir contents siphon into the patient when the pump is held above the infusion site,HARM_HYPO_SEVERE,"Severe hypoglycemia with seizure, loss of consciousness or death",No detection,5,2,5,50,REVIEW,HIGH,engineering estimate,14,"RCM_DRV_03 Positive locking plunger coupling with retention force margin [inherent safety by design, verification PASS, credited P1]",REQ_DRV_003,VER_DRV_003 PASS TR_0103,5,1,5,25,REVIEW,MEDIUM,50.0,Benefit risk analysis required,HDS_002 section 3.2 (DFC_DRV_03); REQ_DRV_003 at HDS_002 section 3.2,ISO 13485 cl 7.3.3; ISO 14971 cl 10.3; ISO 14971 cl 5.4; ISO 14971 cl 5.5; ISO 14971 cl 6; ISO 14971 cl 7.1; ISO 14971 cl 7.2; ISO 14971 cl 7.3; ISO 14971 cl 7.4,MDR_2021_001554; MDR_2022_004472; MDR_2023_004158; MDR_2024_004179; MDR_2024_009037
RISK_DRV_04,Lead screw backlash and dose inaccuracy,CMP_DRV_02,Lead Screw and Plunger Coupling,Drive,FM_DRV_04,Lead screw backlash causes inaccurate delivery of small basal increments,Thread wear beyond tolerance over the service life,Underdelivery of insulin,HS_DRV_04,Delivered basal volume deviates from the programmed volume over an extended period,HARM_HYPER_MILD,Transient hyperglycemia correctable by the user,User observation,2,3,4,24,ACCEPTABLE,MEDIUM,engineering estimate,139,"RCM_DRV_04 Closed loop plunger position correction using encoder feedback [protective measure, verification PASS, credited P2]",REQ_DRV_004,VER_DRV_004 PASS TR_0104,2,1,4,8,ACCEPTABLE,LOW,66.7,Residual risk acceptable,HDS_002 section 3.2 (DFC_DRV_04); REQ_DRV_004 at HDS_002 section 3.2,ISO 13485 cl 7.3.3; ISO 14971 cl 10.3; ISO 14971 cl 5.4; ISO 14971 cl 5.5; ISO 14971 cl 6; ISO 14971 cl 7.1; ISO 14971 cl 7.2; ISO 14971 cl 7.3,MDR_2021_009646; MDR_2022_003941; MDR_2023_006095; MDR_2024_007641; MDR_2025_005550
RISK_ENC_01,Water ingress,CMP_ENC_01,Enclosure and Ingress Protection,Enclosure,FM_ENC_01,Water enters the electronics compartment,Gasket damage after a drop or gasket ageing,Loss of therapy,HS_ENC_01,Moisture short circuits the electronics and the pump stops delivery without a valid alarm,HARM_DKA,Hyperglycemia progressing to diabetic ketoacidosis,No detection,4,3,5,60,REVIEW,HIGH,engineering estimate,196,"RCM_ENC_01 IPX8 sealed enclosure with drop tested gasket retention [inherent safety by design, verification PASS, credited P2]; RCM_ENC_02 Moisture sensor that triggers an alarm and a transition to the safe state [protective measure, verification PASS, credited D2]",REQ_ENC_001; REQ_ENC_002,VER_ENC_001 PASS TR_0122; VER_ENC_002 PASS TR_0123,4,1,3,12,ACCEPTABLE,MEDIUM,80.0,Residual risk acceptable,HDS_002 section 7.2 (DFC_ENC_01); REQ_ENC_001 at HDS_002 section 7.2; REQ_ENC_002 at HDS_002 section 7.2,IEC 60601 1 cl 11.6; IEC 60601 1 cl 4.2; ISO 14971 cl 10.3; ISO 14971 cl 5.4; ISO 14971 cl 5.5; ISO 14971 cl 6; ISO 14971 cl 7.1; ISO 14971 cl 7.2; ISO 14971 cl 7.3,MDR_2021_008877; MDR_2022_008750; MDR_2023_004430; MDR_2024_007962; MDR_2025_004161
RISK_ENC_02,Cracked enclosure,CMP_ENC_01,Enclosure and Ingress Protection,Enclosure,FM_ENC_02,Enclosure cracks and exposes a sharp edge,Impact damage from a drop onto a hard surface,Mechanical contact,HS_ENC_02,A sharp edge of the cracked case rubs against the skin during wear,HARM_LACERATION,Minor skin laceration or irritation,User observation,1,2,4,8,ACCEPTABLE,LOW,engineering estimate,35,"RCM_ENC_03 Impact resistant polymer housing with rounded edge geometry [inherent safety by design, verification PASS, credited P1]",REQ_ENC_003,VER_ENC_003 PASS TR_0124,1,1,4,4,ACCEPTABLE,LOW,50.0,Residual risk acceptable,HDS_002 section 7.2 (DFC_ENC_02); REQ_ENC_003 at HDS_002 section 7.2,IEC 60601 1 cl 15.3; IEC 60601 1 cl 9.3; ISO 14971 cl 10.3; ISO 14971 cl 5.4; ISO 14971 cl 5.5; ISO 14971 cl 6; ISO 14971 cl 7.1; ISO 14971 cl 7.2; ISO 14971 cl 7.3,MDR_2021_009235; MDR_2023_003456; MDR_2024_005548; MDR_2024_005723; MDR_2025_001567
RISK_INF_01,Infusion set connector detachment,CMP_INF_01,Infusion Set Connector,Fluid path,FM_INF_01,Infusion set connector detaches from the reservoir,Incomplete latch engagement or connector thread wear,Underdelivery of insulin,HS_INF_01,Insulin is pumped onto skin or clothing instead of into the tissue and no alarm is raised,HARM_DKA,Hyperglycemia progressing to diabetic ketoacidosis,User observation,4,4,4,64,UNACCEPTABLE,HIGH,field evidence,695,"RCM_IFU_04 Training on infusion site checks and routine glucose monitoring [information for safety, verification PASS, credited P1]; RCM_INF_01 Keyed connector with audible and tactile lock confirmation [inherent safety by design, verification PASS, credited P1]",REQ_LBL_004; REQ_INF_001,VER_LBL_004 PASS TR_0153; VER_INF_001 PASS TR_0112,4,2,4,32,REVIEW,HIGH,50.0,Benefit risk analysis required,HDS_002 section 5.2 (DFC_INF_01); REQ_LBL_004 at UCS_004 section 5.1; REQ_INF_001 at HDS_002 section 5.2,IEC 62366 1 cl 5.2; IEC 62366 1 cl 5.9; ISO 14971 cl 10.3; ISO 14971 cl 10.4; ISO 14971 cl 5.4; ISO 14971 cl 5.5; ISO 14971 cl 6; ISO 14971 cl 7.1; ISO 14971 cl 7.2; ISO 14971 cl 7.3; ISO 14971 cl 7.4,MDR_2022_007985; MDR_2023_009086; MDR_2024_001438; MDR_2024_003425; MDR_2025_005509
RISK_LBL_01,Infusion set worn beyond the change interval,CMP_LBL_01,Labeling and Instructions for Use,Labeling,FM_LBL_01,Instructions on the infusion set change interval are misunderstood,Ambiguous wording and low readability of the instructions,Use error,HS_LBL_01,The infusion set is worn beyond the recommended interval,HARM_INFECTION,Infusion site infection,User observation,3,4,4,48,REVIEW,HIGH,engineering estimate,495,"RCM_LBL_01 Infusion site change reminder with configurable interval [protective measure, verification PASS, credited P2]; RCM_LBL_02 Instructions on set change interval validated for comprehension [information for safety, verification PASS, credited P1]",REQ_LBL_007; REQ_LBL_008,VER_LBL_007 PASS TR_0156; VER_LBL_008 PASS TR_0157,3,1,4,12,ACCEPTABLE,LOW,75.0,Residual risk acceptable,UCS_004 section 5.1 (DFC_LBL_01); REQ_LBL_007 at UCS_004 section 5.1; REQ_LBL_008 at UCS_004 section 5.1,IEC 62366 1 cl 5.4; IEC 62366 1 cl 5.9; ISO 13485 cl 7.3.7; ISO 14971 cl 10.3; ISO 14971 cl 5.4; ISO 14971 cl 5.5; ISO 14971 cl 6; ISO 14971 cl 7.1; ISO 14971 cl 7.2; ISO 14971 cl 7.3,MDR_2021_009798; MDR_2022_005446; MDR_2024_002026; MDR_2024_002355; MDR_2025_009997
RISK_MCU_01,Firmware hang during delivery,CMP_MCU_01,Main Controller Firmware Platform,Control,FM_MCU_01,Main controller firmware hangs during delivery,Software deadlock or stack overflow,Loss of therapy,HS_MCU_01,Delivery halts and the display freezes while no alarm is raised,HARM_DKA,Hyperglycemia progressing to diabetic ketoacidosis,No detection,4,3,5,60,REVIEW,HIGH,engineering estimate,75,"RCM_MCU_01 Hardware watchdog reset with system error alarm from the safety supervisor [protective measure, verification PASS, credited P2 D3]",REQ_MCU_001,VER_MCU_001 PASS TR_0125,4,1,2,8,ACCEPTABLE,LOW,86.7,Residual risk acceptable,SRS_003 section 3.1 (DFC_MCU_01); REQ_MCU_001 at SRS_003 section 3.1,IEC 62304 cl 7.2; ISO 14971 cl 10.3; ISO 14971 cl 5.4; ISO 14971 cl 5.5; ISO 14971 cl 6; ISO 14971 cl 7.1; ISO 14971 cl 7.2; ISO 14971 cl 7.3,MDR_2021_007011; MDR_2022_001239; MDR_2023_004511; MDR_2025_001416; MDR_2025_001552
RISK_MCU_02,Corruption of the active delivery rate,CMP_MCU_01,Main Controller Firmware Platform,Control,FM_MCU_02,Memory corruption alters the active delivery rate variable,Stray pointer write or radiation induced bit flip,Overdelivery of insulin,HS_MCU_02,The pump delivers at a rate many times higher than programmed,HARM_HYPO_SEVERE,"Severe hypoglycemia with seizure, loss of consciousness or death",No detection,5,2,5,50,REVIEW,HIGH,engineering estimate,9,"RCM_MCU_02 Critical variables stored in triplicate with voting and range check before each delivery [inherent safety by design, verification PASS, credited P1]; RCM_MCU_03 Independent hourly delivery limit enforced by the safety supervisor [protective measure, verification PASS, credited P1]",REQ_MCU_002; REQ_MCU_003,VER_MCU_002 PASS TR_0126; VER_MCU_003 PASS TR_0127,5,1,5,25,REVIEW,MEDIUM,50.0,Benefit risk analysis required,SRS_003 section 3.1 (DFC_MCU_02); REQ_MCU_002 at SRS_003 section 3.1; REQ_MCU_003 at SRS_003 section 3.2,IEC 60601 1 cl 4.2; IEC 62304 cl 7.2; ISO 14971 cl 10.3; ISO 14971 cl 5.4; ISO 14971 cl 5.5; ISO 14971 cl 6; ISO 14971 cl 7.1; ISO 14971 cl 7.2; ISO 14971 cl 7.3; ISO 14971 cl 7.4,MDR_2021_001796; MDR_2022_002884; MDR_2022_003009; MDR_2023_002347; MDR_2023_003579
RISK_MCU_03,Silent failure of the safety supervisor,CMP_MCU_02,Safety Supervisor Processor,Control,FM_MCU_03,Safety supervisor stops monitoring and the failure remains latent,Supervisor oscillator failure or supervisor firmware fault,Overdelivery of insulin,HS_MCU_03,A later drive fault is not intercepted because the independent monitor is inactive,HARM_HYPO_SEVERE,"Severe hypoglycemia with seizure, loss of consciousness or death",No detection,5,1,5,25,REVIEW,MEDIUM,engineering estimate,3,"RCM_MCU_04 Mutual heartbeat between main controller and safety supervisor with alarm on loss [protective measure, verification PASS, credited D3]",REQ_MCU_004,VER_MCU_004 PASS TR_0128,5,1,2,10,REVIEW,MEDIUM,60.0,Benefit risk analysis required,SRS_003 section 3.2 (DFC_MCU_03); REQ_MCU_004 at SRS_003 section 3.2,IEC 62304 cl 7.2; ISO 14971 cl 10.3; ISO 14971 cl 5.4; ISO 14971 cl 5.5; ISO 14971 cl 6; ISO 14971 cl 7.1; ISO 14971 cl 7.2; ISO 14971 cl 7.3; ISO 14971 cl 7.4,MDR_2023_009155; MDR_2025_000770; MDR_2025_008385
RISK_MEM_01,Therapy settings revert to defaults,CMP_MEM_01,Nonvolatile Settings Memory,Platform,FM_MEM_01,Therapy settings revert to factory defaults,Flash write interrupted by power loss,Incorrect therapy settings,HS_MEM_01,The pump resumes delivery with a default basal profile that does not match the prescription,HARM_HYPO_MODERATE,Moderate hypoglycemia requiring assistance from another person,No detection,4,3,5,60,REVIEW,HIGH,engineering estimate,81,"RCM_MEM_01 Atomic settings writes with checksum and dual copies, with delivery blocked when settings are invalid [protective measure, verification PASS, credited P2 D2]",REQ_MEM_001,VER_MEM_001 PASS TR_0139,4,1,3,12,ACCEPTABLE,MEDIUM,80.0,Residual risk acceptable,SRS_003 section 5.1 (DFC_MEM_01); REQ_MEM_001 at SRS_003 section 5.1,IEC 62304 cl 7.2; ISO 14971 cl 10.3; ISO 14971 cl 5.4; ISO 14971 cl 5.5; ISO 14971 cl 6; ISO 14971 cl 7.1; ISO 14971 cl 7.2; ISO 14971 cl 7.3,MDR_2021_000727; MDR_2021_004506; MDR_2022_006791; MDR_2022_008810; MDR_2025_001536
RISK_PWR_01,Battery thermal runaway,CMP_PWR_01,Lithium Battery Pack,Power,FM_PWR_01,Battery cell enters thermal runaway,Internal short circuit from a manufacturing defect or mechanical damage,Thermal energy,HS_PWR_01,The pump surface temperature rises rapidly while the pump is worn against the body,HARM_BURN,Skin burn,No detection,3,2,5,30,ACCEPTABLE,MEDIUM,engineering estimate,13,"RCM_PWR_01 Cell protection circuit with current, voltage and temperature cutoff [protective measure, verification PASS, credited P1]; RCM_PWR_02 Certified cells with incoming inspection and lot traceability [inherent safety by design, verification PASS, credited P1]",REQ_PWR_001; REQ_PWR_002,VER_PWR_001 PASS TR_0113; VER_PWR_002 PASS TR_0114,3,1,5,15,ACCEPTABLE,LOW,50.0,Residual risk acceptable,HDS_002 section 6.1 (DFC_PWR_01); REQ_PWR_001 at HDS_002 section 6.1; REQ_PWR_002 at HDS_002 section 6.1,IEC 60601 1 cl 11.1; ISO 13485 cl 7.3.3; ISO 14971 cl 10.3; ISO 14971 cl 5.4; ISO 14971 cl 5.5; ISO 14971 cl 6; ISO 14971 cl 7.1; ISO 14971 cl 7.2; ISO 14971 cl 7.3,MDR_2021_003213; MDR_2021_006266; MDR_2023_003533; MDR_2023_007703; MDR_2024_008803
RISK_PWR_02,Battery depletion without warning,CMP_PWR_01,Lithium Battery Pack,Power,FM_PWR_02,Battery depletes suddenly without a low battery warning,Abrupt capacity loss of an aged cell or at low temperature,Loss of therapy,HS_PWR_02,The pump shuts down during sleep and basal delivery stops for several hours,HARM_DKA,Hyperglycemia progressing to diabetic ketoacidosis,No detection,4,3,5,60,REVIEW,HIGH,engineering estimate,245,"RCM_PWR_03 Staged low battery alarms with reserved alarm capacity [protective measure, verification PASS, credited P1 D3]; RCM_PWR_04 Temperature compensated capacity estimation [inherent safety by design, verification PASS, credited P1]",REQ_PWR_003; REQ_PWR_004,VER_PWR_003 PASS TR_0115; VER_PWR_004 PASS TR_0116,4,1,2,8,ACCEPTABLE,LOW,86.7,Residual risk acceptable,HDS_002 section 6.1 (DFC_PWR_02); REQ_PWR_003 at HDS_002 section 6.2; REQ_PWR_004 at HDS_002 section 6.2,IEC 60601 1 8 cl 6.1; ISO 13485 cl 7.3.3; ISO 14971 cl 10.3; ISO 14971 cl 5.4; ISO 14971 cl 5.5; ISO 14971 cl 6; ISO 14971 cl 7.1; ISO 14971 cl 7.2; ISO 14971 cl 7.3,MDR_2021_004867; MDR_2023_002310; MDR_2023_002736; MDR_2024_003220; MDR_2025_004663
RISK_PWR_03,Fuel gauge overestimation,CMP_PWR_02,Battery Fuel Gauge,Power,FM_PWR_03,Fuel gauge overestimates the remaining battery capacity,Coulomb counter drift without recalibration,Loss of therapy,HS_PWR_03,The displayed battery level stays normal until the pump shuts down abruptly,HARM_DKA,Hyperglycemia progressing to diabetic ketoacidosis,No detection,4,3,5,60,REVIEW,HIGH,engineering estimate,180,"RCM_PWR_05 Voltage based critical battery threshold independent of the coulomb counter [protective measure, verification PASS, credited P2 D1]",REQ_PWR_005,VER_PWR_005 PASS TR_0117,4,1,4,16,ACCEPTABLE,MEDIUM,73.3,Residual risk acceptable,HDS_002 section 6.2 (DFC_PWR_03); REQ_PWR_005 at HDS_002 section 6.2,IEC 60601 1 cl 4.2; ISO 14971 cl 10.3; ISO 14971 cl 5.4; ISO 14971 cl 5.5; ISO 14971 cl 6; ISO 14971 cl 7.1; ISO 14971 cl 7.2; ISO 14971 cl 7.3,MDR_2022_001425; MDR_2022_004026; MDR_2025_002889; MDR_2025_005325; MDR_2025_006312
RISK_RSV_01,Reservoir seal leak,CMP_RSV_01,Insulin Reservoir and Seal,Fluid path,FM_RSV_01,Reservoir seal leaks insulin into the reservoir compartment,O ring compression set or a cracked reservoir barrel,Underdelivery of insulin,HS_RSV_01,Insulin leaks into the pump instead of reaching the patient while the dose counter still records delivery,HARM_DKA,Hyperglycemia progressing to diabetic ketoacidosis,User observation,4,3,4,48,REVIEW,HIGH,engineering estimate,330,"RCM_IFU_02 Instructions to inspect the reservoir compartment at every reservoir change [information for safety, verification MISSING, credited D0]; RCM_RSV_01 Validated seal compression design with a single use reservoir limit [inherent safety by design, verification PASS, credited P2]",REQ_LBL_002; REQ_RSV_001,REQ_LBL_002 has no verification record; VER_RSV_001 PASS TR_0109,4,1,4,16,ACCEPTABLE,MEDIUM,66.7,Residual risk acceptable,HDS_002 section 5.1 (DFC_RSV_01); REQ_LBL_002 at UCS_004 section 5.1; REQ_RSV_001 at HDS_002 section 5.1,IEC 62366 1 cl 5.9; ISO 13485 cl 7.3.3; ISO 14971 cl 10.3; ISO 14971 cl 5.4; ISO 14971 cl 5.5; ISO 14971 cl 6; ISO 14971 cl 7.1; ISO 14971 cl 7.2; ISO 14971 cl 7.3,MDR_2021_001237; MDR_2022_005970; MDR_2024_000521; MDR_2024_007996; MDR_2024_009519
RISK_RSV_02,Air bubbles in the reservoir,CMP_RSV_01,Insulin Reservoir and Seal,Fluid path,FM_RSV_02,Air bubbles in the reservoir are delivered in place of insulin,Incomplete priming or outgassing of cold insulin as it warms,Underdelivery of insulin,HS_RSV_02,Air displaces insulin in the infusion line during basal delivery,HARM_HYPER_MILD,Transient hyperglycemia correctable by the user,User observation,2,4,4,32,REVIEW,MEDIUM,engineering estimate,760,"RCM_IFU_03 Illustrated instructions on priming and removal of air bubbles [information for safety, verification PASS, credited P1]; RCM_RSV_02 Guided priming sequence with user confirmation of fluid at the cannula tip [protective measure, verification PASS, credited P1]",REQ_LBL_003; REQ_RSV_002,VER_LBL_003 PASS TR_0152; VER_RSV_002 PASS TR_0110,2,2,4,16,ACCEPTABLE,LOW,50.0,Residual risk acceptable,HDS_002 section 5.1 (DFC_RSV_02); REQ_LBL_003 at UCS_004 section 5.1; REQ_RSV_002 at HDS_002 section 5.1,IEC 62366 1 cl 5.4; IEC 62366 1 cl 5.9; ISO 14971 cl 10.3; ISO 14971 cl 5.4; ISO 14971 cl 5.5; ISO 14971 cl 6; ISO 14971 cl 7.1; ISO 14971 cl 7.2; ISO 14971 cl 7.3,MDR_2021_008538; MDR_2023_005841; MDR_2023_009663; MDR_2024_006502; MDR_2025_000228
RISK_RSV_03,Loss of sterility of the fluid path,CMP_RSV_01,Insulin Reservoir and Seal,Fluid path,FM_RSV_03,Sterile barrier of the reservoir package is breached before use,Pouch seal damage during distribution,Biological contamination,HS_RSV_03,A contaminated fluid path is connected to the subcutaneous tissue,HARM_INFECTION,Infusion site infection,No detection,3,2,5,30,ACCEPTABLE,MEDIUM,engineering estimate,14,"RCM_RSV_03 Validated sterile barrier packaging with integrity indicator [inherent safety by design, verification PASS, credited P1 D2]",REQ_RSV_003,VER_RSV_003 PASS TR_0111,3,1,3,9,ACCEPTABLE,LOW,70.0,Residual risk acceptable,HDS_002 section 5.1 (DFC_RSV_03); REQ_RSV_003 at HDS_002 section 5.1,ISO 13485 cl 7.3.3; ISO 14971 cl 10.3; ISO 14971 cl 5.4; ISO 14971 cl 5.5; ISO 14971 cl 6; ISO 14971 cl 7.1; ISO 14971 cl 7.2; ISO 14971 cl 7.3,MDR_2022_005420; MDR_2023_001186; MDR_2023_006323; MDR_2024_006910; MDR_2025_007050
RISK_RTC_01,Clock loses time after battery change,CMP_RTC_01,Real Time Clock,Platform,FM_RTC_01,Clock loses time after a battery change,Backup capacitor is depleted during a long battery change,Incorrect therapy settings,HS_RTC_01,The basal schedule is shifted relative to the true time of day,HARM_HYPER_MILD,Transient hyperglycemia correctable by the user,User observation,2,4,4,32,REVIEW,MEDIUM,engineering estimate,535,"RCM_RTC_01 Clock validity check at power up that forces user confirmation of the time [protective measure, verification PASS, credited P2]",REQ_RTC_001,VER_RTC_001 PASS TR_0140,2,2,4,16,ACCEPTABLE,LOW,50.0,Residual risk acceptable,SRS_003 section 5.2 (DFC_RTC_01); REQ_RTC_001 at SRS_003 section 5.2,IEC 62304 cl 7.2; ISO 14971 cl 10.3; ISO 14971 cl 5.4; ISO 14971 cl 5.5; ISO 14971 cl 6; ISO 14971 cl 7.1; ISO 14971 cl 7.2; ISO 14971 cl 7.3,MDR_2021_004892; MDR_2023_005249; MDR_2024_002885; MDR_2024_005926; MDR_2025_006982
RISK_SNS_01,Undetected downstream occlusion,CMP_SNS_01,Occlusion Force Sensor,Sensing,FM_SNS_01,Force sensor reads low and fails to detect a downstream occlusion,Strain gauge drift or delamination of the load cell,Underdelivery of insulin,HS_SNS_01,The infusion line is blocked and insulin is not delivered while no occlusion alarm sounds,HARM_DKA,Hyperglycemia progressing to diabetic ketoacidosis,No detection,4,3,5,60,REVIEW,HIGH,engineering estimate,127,"RCM_SNS_01 Force sensor plausibility self test at power on and every 24 hours [protective measure, verification PASS, credited D2]; RCM_SNS_02 Redundant occlusion inference from the motor current signature [protective measure, verification PASS, credited P2 D1]",REQ_SNS_001; REQ_SNS_002,VER_SNS_001 PASS TR_0105; VER_SNS_002 PASS TR_0106,4,1,2,8,ACCEPTABLE,LOW,86.7,Residual risk acceptable,HDS_002 section 4.1 (DFC_SNS_01); REQ_SNS_001 at HDS_002 section 4.1; REQ_SNS_002 at HDS_002 section 4.1,IEC 60601 1 8 cl 6.1; IEC 60601 1 cl 4.2; ISO 14971 cl 10.3; ISO 14971 cl 5.4; ISO 14971 cl 5.5; ISO 14971 cl 6; ISO 14971 cl 7.1; ISO 14971 cl 7.2; ISO 14971 cl 7.3,MDR_2022_000604; MDR_2023_008300; MDR_2024_007099; MDR_2025_000939; MDR_2025_005004
RISK_SNS_02,Unintended bolus on release of an occlusion,CMP_SNS_01,Occlusion Force Sensor,Sensing,FM_SNS_02,Occlusion clears suddenly and releases insulin accumulated in the line,Pressure stored behind a kinked cannula is released when the kink straightens,Overdelivery of insulin,HS_SNS_02,Stored insulin is delivered as an unintended bolus when the occlusion releases,HARM_HYPO_MODERATE,Moderate hypoglycemia requiring assistance from another person,User observation,4,3,4,48,REVIEW,HIGH,engineering estimate,130,"RCM_IFU_01 Instructions directing the user to disconnect before clearing an occlusion [information for safety, verification PASS, credited P1]; RCM_SNS_03 Occlusion alarm threshold that limits stored volume, with plunger retraction on alarm [protective measure, verification PASS, credited P2]",REQ_LBL_001; REQ_SNS_003,VER_LBL_001 PASS TR_0151; VER_SNS_003 PASS TR_0107,4,1,4,16,ACCEPTABLE,MEDIUM,66.7,Residual risk acceptable,HDS_002 section 4.1 (DFC_SNS_02); REQ_LBL_001 at UCS_004 section 5.1; REQ_SNS_003 at HDS_002 section 4.1,IEC 60601 1 8 cl 6.1; IEC 62366 1 cl 5.9; ISO 14971 cl 10.3; ISO 14971 cl 5.4; ISO 14971 cl 5.5; ISO 14971 cl 6; ISO 14971 cl 7.1; ISO 14971 cl 7.2; ISO 14971 cl 7.3,MDR_2021_001758; MDR_2021_007195; MDR_2023_000220; MDR_2023_004241; MDR_2023_008009
RISK_SNS_03,False occlusion alarms,CMP_SNS_01,Occlusion Force Sensor,Sensing,FM_SNS_03,Force sensor noise triggers occlusion alarms when no occlusion is present,Mechanical vibration and temperature change shift the force baseline,Loss of therapy,HS_SNS_03,Delivery stops repeatedly for false occlusion alarms and the user delays restarting delivery,HARM_HYPER_MILD,Transient hyperglycemia correctable by the user,Continuous monitoring with alarm,2,4,2,16,REVIEW,MEDIUM,engineering estimate,599,,,,2,4,2,16,REVIEW,MEDIUM,0.0,Benefit risk analysis required,HDS_002 section 4.1 (DFC_SNS_03),ISO 14971 cl 10.3; ISO 14971 cl 5.4; ISO 14971 cl 5.5; ISO 14971 cl 6; ISO 14971 cl 7.4,MDR_2021_000374; MDR_2021_000598; MDR_2021_005816; MDR_2022_009291; MDR_2023_001136
RISK_SNS_04,Encoder undercount,CMP_SNS_02,Motor Rotary Encoder,Sensing,FM_SNS_04,Encoder undercounts motor rotation,Contamination of the optical encoder disc,Overdelivery of insulin,HS_SNS_04,The controller commands extra motor steps to compensate and delivers more insulin than programmed,HARM_HYPO_SEVERE,"Severe hypoglycemia with seizure, loss of consciousness or death",No detection,5,2,5,50,REVIEW,HIGH,engineering estimate,18,"RCM_SNS_05 Supervisor cross check of encoder counts against commanded steps and motor current [protective measure, verification PASS, credited P1 D3]",REQ_SNS_004,VER_SNS_004 PASS TR_0108,5,1,2,10,REVIEW,MEDIUM,80.0,Benefit risk analysis required,HDS_002 section 4.2 (DFC_SNS_04); REQ_SNS_004 at HDS_002 section 4.2,IEC 62304 cl 7.2; ISO 14971 cl 10.3; ISO 14971 cl 5.4; ISO 14971 cl 5.5; ISO 14971 cl 6; ISO 14971 cl 7.1; ISO 14971 cl 7.2; ISO 14971 cl 7.3; ISO 14971 cl 7.4,MDR_2023_000169; MDR_2023_005284; MDR_2024_000808; MDR_2025_000888; MDR_2025_004733
RISK_SW_01,Excessive bolus recommendation,CMP_SW_01,Dose Calculation Software,Therapy software,FM_SW_01,Bolus calculator recommends an excessive dose,Unit conversion defect between glucose units in the correction calculation,Overdelivery of insulin,HS_SW_01,The user accepts a recommended bolus several times larger than needed,HARM_HYPO_SEVERE,"Severe hypoglycemia with seizure, loss of consciousness or death",User observation,5,3,4,60,UNACCEPTABLE,HIGH,engineering estimate,97,"RCM_SW_01 Maximum bolus limit and confirmation screen showing the calculation inputs [protective measure, verification PASS, credited P1 D1]; RCM_SW_02 Glucose unit locked at setup with range validation of glucose entries [inherent safety by design, verification PASS, credited P2]",REQ_SW_001; REQ_SW_002; REQ_SW_003,VER_SW_001 PASS TR_0129; VER_SW_002 PASS TR_0130; VER_SW_003 PASS TR_0131,5,1,3,15,REVIEW,MEDIUM,75.0,Benefit risk analysis required,SRS_003 section 4.1 (DFC_SW_01); REQ_SW_001 at SRS_003 section 4.1; REQ_SW_002 at SRS_003 section 4.1; REQ_SW_003 at SRS_003 section 4.1,IEC 62304 cl 5.2; IEC 62304 cl 7.2; IEC 62366 1 cl 5.4; ISO 14971 cl 10.3; ISO 14971 cl 5.4; ISO 14971 cl 5.5; ISO 14971 cl 6; ISO 14971 cl 7.1; ISO 14971 cl 7.2; ISO 14971 cl 7.3; ISO 14971 cl 7.4,MDR_2024_000287; MDR_2024_000771; MDR_2025_001192; MDR_2025_003655; MDR_2025_004906
RISK_SW_02,Insulin on board not subtracted,CMP_SW_01,Dose Calculation Software,Therapy software,FM_SW_02,Insulin on board is not subtracted from a correction bolus,Active insulin time is reset to default after a clock change or software update,Overdelivery of insulin,HS_SW_02,Repeated correction boluses stack because earlier insulin is ignored,HARM_HYPO_MODERATE,Moderate hypoglycemia requiring assistance from another person,No detection,4,4,5,80,UNACCEPTABLE,HIGH,engineering estimate,398,"RCM_SW_03 Insulin on board persisted with integrity check and shown on the bolus screen [protective measure, verification FAIL, credited P0]",REQ_SW_004; REQ_SW_005,VER_SW_004 PASS TR_0132; VER_SW_005 FAIL TR_0133,4,4,5,80,UNACCEPTABLE,HIGH,0.0,Design release blocked,SRS_003 section 4.1 (DFC_SW_02); REQ_SW_004 at SRS_003 section 4.1; REQ_SW_005 at SRS_003 section 4.1,IEC 62304 cl 7.2; IEC 62304 cl 7.4; ISO 14971 cl 10.3; ISO 14971 cl 5.4; ISO 14971 cl 5.5; ISO 14971 cl 6; ISO 14971 cl 7.1; ISO 14971 cl 7.2; ISO 14971 cl 7.3,MDR_2022_004227; MDR_2022_004553; MDR_2023_004546; MDR_2023_009313; MDR_2023_009814
RISK_SW_03,Basal schedule applied to the wrong time segment,CMP_SW_02,Delivery Control Software,Therapy software,FM_SW_03,Basal schedule is applied to the wrong time segment,Scheduler handles a time zone or clock change incorrectly,Incorrect therapy settings,HS_SW_03,The overnight basal rate is delivered during the day or the daytime rate overnight,HARM_HYPO_MODERATE,Moderate hypoglycemia requiring assistance from another person,No detection,4,3,5,60,REVIEW,HIGH,engineering estimate,153,"RCM_SW_04 Clock change confirmation with basal schedule review prompt [protective measure, verification PASS, credited P2 D1]",REQ_SW_006,VER_SW_006 PASS TR_0134,4,1,4,16,ACCEPTABLE,MEDIUM,73.3,Residual risk acceptable,SRS_003 section 4.2 (DFC_SW_03); REQ_SW_006 at SRS_003 section 4.2,IEC 62304 cl 7.2; ISO 14971 cl 10.3; ISO 14971 cl 5.4; ISO 14971 cl 5.5; ISO 14971 cl 6; ISO 14971 cl 7.1; ISO 14971 cl 7.2; ISO 14971 cl 7.3,MDR_2021_009277; MDR_2022_000020; MDR_2023_006480; MDR_2024_006360; MDR_2025_003573
RISK_SW_04,Suspended delivery does not resume,CMP_SW_02,Delivery Control Software,Therapy software,FM_SW_04,Suspended delivery does not resume when expected,State machine transition defect after alarm acknowledgment,Underdelivery of insulin,HS_SW_04,The pump remains suspended after the user believes delivery has resumed,HARM_DKA,Hyperglycemia progressing to diabetic ketoacidosis,User observation,4,3,4,48,REVIEW,HIGH,engineering estimate,200,"RCM_SW_05 Persistent suspended indicator with periodic reminder alarm [protective measure, verification PASS, credited P1 D2]; RCM_SW_06 Automatic resume timer that bounds the maximum suspension period [inherent safety by design, verification PASS, credited P1]",REQ_SW_007; REQ_SW_008,VER_SW_007 PASS TR_0135; VER_SW_008 PASS TR_0136,4,1,2,8,ACCEPTABLE,LOW,83.3,Residual risk acceptable,SRS_003 section 4.2 (DFC_SW_04); REQ_SW_007 at SRS_003 section 4.2; REQ_SW_008 at SRS_003 section 4.2,IEC 60601 1 8 cl 6.1; IEC 62304 cl 7.2; ISO 14971 cl 10.3; ISO 14971 cl 5.4; ISO 14971 cl 5.5; ISO 14971 cl 6; ISO 14971 cl 7.1; ISO 14971 cl 7.2; ISO 14971 cl 7.3,MDR_2021_008498; MDR_2022_003914; MDR_2023_000959; MDR_2023_004861; MDR_2023_005675
RISK_SW_05,Bolus command executed twice,CMP_SW_02,Delivery Control Software,Therapy software,FM_SW_05,Bolus command is executed twice,Duplicate command processing after a communication retry,Overdelivery of insulin,HS_SW_05,A single bolus request delivers double the intended dose,HARM_HYPO_MODERATE,Moderate hypoglycemia requiring assistance from another person,No detection,4,3,5,60,REVIEW,HIGH,field evidence,52,"RCM_SW_07 Unique command identifiers with idempotent execution and a bolus lockout interval [inherent safety by design, verification PASS, credited P1]",REQ_SW_009,VER_SW_009 PASS TR_0137,4,2,5,40,REVIEW,HIGH,33.3,Benefit risk analysis required,SRS_003 section 4.2 (DFC_SW_05); REQ_SW_009 at SRS_003 section 4.2,IEC 62304 cl 7.2; ISO 14971 cl 10.3; ISO 14971 cl 10.4; ISO 14971 cl 5.4; ISO 14971 cl 5.5; ISO 14971 cl 6; ISO 14971 cl 7.1; ISO 14971 cl 7.2; ISO 14971 cl 7.3; ISO 14971 cl 7.4,MDR_2022_007269; MDR_2023_000969; MDR_2023_004082; MDR_2024_007104; MDR_2025_005745
RISK_SW_06,High priority alarm suppressed,CMP_SW_03,Alarm Manager Software,Therapy software,FM_SW_06,High priority alarm is suppressed by lower priority alarms in the queue,Priority inversion in alarm queue handling,Loss of alarm information,HS_SW_06,An occlusion or no delivery condition is not annunciated,HARM_DKA,Hyperglycemia progressing to diabetic ketoacidosis,No detection,4,2,5,40,REVIEW,HIGH,engineering estimate,15,"RCM_SW_08 Preemptive priority based alarm scheduling [inherent safety by design, verification PASS, credited P1]",REQ_SW_010,VER_SW_010 PASS TR_0138,4,1,5,20,ACCEPTABLE,MEDIUM,50.0,Residual risk acceptable,SRS_003 section 4.3 (DFC_SW_06); REQ_SW_010 at SRS_003 section 4.3,IEC 60601 1 8 cl 6.1; IEC 62304 cl 7.2; ISO 14971 cl 10.3; ISO 14971 cl 5.4; ISO 14971 cl 5.5; ISO 14971 cl 6; ISO 14971 cl 7.1; ISO 14971 cl 7.2; ISO 14971 cl 7.3,MDR_2021_003170; MDR_2021_005530; MDR_2022_004001; MDR_2022_008449; MDR_2023_001776
RISK_UI_01,Unintended bolus from accidental touch,CMP_UI_01,Touchscreen and Keypad,User interface,FM_UI_01,Unintended touch or key activation starts a bolus,Pressure on the touchscreen in a pocket or during sleep,Overdelivery of insulin,HS_UI_01,A bolus is started without the intent of the user,HARM_HYPO_SEVERE,"Severe hypoglycemia with seizure, loss of consciousness or death",No detection,5,3,5,75,UNACCEPTABLE,HIGH,engineering estimate,110,"RCM_UI_01 Automatic screen lock with unlock gesture and two step bolus confirmation [inherent safety by design, verification PASS, credited P2]",REQ_UI_001,VER_UI_001 PASS TR_0141,5,1,5,25,REVIEW,MEDIUM,66.7,Benefit risk analysis required,UCS_004 section 3.1 (DFC_UI_01); REQ_UI_001 at UCS_004 section 3.1,IEC 62366 1 cl 5.4; ISO 14971 cl 10.3; ISO 14971 cl 5.4; ISO 14971 cl 5.5; ISO 14971 cl 6; ISO 14971 cl 7.1; ISO 14971 cl 7.2; ISO 14971 cl 7.3; ISO 14971 cl 7.4,MDR_2021_007820; MDR_2022_001915; MDR_2022_007964; MDR_2024_004903; MDR_2025_001632
RISK_UI_02,Decimal dose entry error,CMP_UI_01,Touchscreen and Keypad,User interface,FM_UI_02,User enters a bolus dose with a misplaced decimal point,Ambiguous numeric entry format leads to a tenfold use error,Use error,HS_UI_02,A bolus ten times larger than intended is confirmed and delivered,HARM_HYPO_SEVERE,"Severe hypoglycemia with seizure, loss of consciousness or death",User observation,5,3,4,60,UNACCEPTABLE,HIGH,engineering estimate,166,"RCM_IFU_05 Training module on bolus entry with knowledge check [information for safety, verification PASS, credited P1]; RCM_UI_02 Fixed decimal dose entry with maximum bolus limit and large dose warning [inherent safety by design, verification PASS, credited P2]",REQ_LBL_005; REQ_SW_001; REQ_UI_002,VER_LBL_005 PASS TR_0154; VER_SW_001 PASS TR_0129; VER_UI_002 PASS TR_0142,5,1,4,20,REVIEW,MEDIUM,66.7,Benefit risk analysis required,UCS_004 section 3.1 (DFC_UI_02); REQ_LBL_005 at UCS_004 section 5.1; REQ_SW_001 at SRS_003 section 4.1; REQ_UI_002 at UCS_004 section 3.1,IEC 62304 cl 7.2; IEC 62366 1 cl 5.4; IEC 62366 1 cl 5.9; ISO 14971 cl 10.3; ISO 14971 cl 5.4; ISO 14971 cl 5.5; ISO 14971 cl 6; ISO 14971 cl 7.1; ISO 14971 cl 7.2; ISO 14971 cl 7.3; ISO 14971 cl 7.4,MDR_2022_002778; MDR_2023_000421; MDR_2024_004887; MDR_2024_005801; MDR_2024_008899
RISK_UI_03,Display unreadable,CMP_UI_01,Touchscreen and Keypad,User interface,FM_UI_03,Display fails or becomes unreadable,Backlight failure or a cracked display panel,Loss of alarm information,HS_UI_03,The user cannot read alarm text or verify bolus entries,HARM_HYPER_SERIOUS,Sustained hyperglycemia requiring medical intervention,User observation,3,3,4,36,REVIEW,HIGH,engineering estimate,133,"RCM_UI_03 Distinct audible alarm patterns per priority that allow response without the display [protective measure, verification PASS, credited P1]",REQ_UI_003,VER_UI_003 PASS TR_0143,3,2,4,24,ACCEPTABLE,MEDIUM,33.3,Residual risk acceptable,UCS_004 section 3.1 (DFC_UI_03); REQ_UI_003 at UCS_004 section 3.1,IEC 60601 1 8 cl 6.3; ISO 14971 cl 10.3; ISO 14971 cl 5.4; ISO 14971 cl 5.5; ISO 14971 cl 6; ISO 14971 cl 7.1; ISO 14971 cl 7.2; ISO 14971 cl 7.3,MDR_2021_003069; MDR_2023_007730; MDR_2024_008844; MDR_2025_004256; MDR_2025_007486
